referee,nationality
Szymon Marciniak,Poland
Daniele Orsato,Italy
Clément Turpin,France
Anthony Taylor,England
Michael Oliver,England
Slavko Vinčić,Slovenia
Jesús Valenzuela,Venezuela
Wilton Sampaio,Brazil
César Arturo Ramos,Mexico
Iván Barton,El Salvador
Victor Gomes,South Africa
Mustapha Ghorbal,Algeria
Ma Ning,China
Yoshimi Yamashita,Japan
Alireza Faghani,Australia
Mohammed Abdulla Hassan Mohamed,UAE
Fernando Rapallini,Argentina
Facundo Tello,Argentina
Danny Makkelie,Netherlands
Halil Umut Meler,Turkey
Felix Zwayer,Germany
Wilmar Roldán,Colombia
